TransactionID,CustomerID,Date,Amount
1,C0103,2026-03-12,1060
2,C0015,2025-04-17,5391
3,C0189,2025-01-21,5934
4,C0122,2026-04-12,13726
5,C0075,2026-04-04,14623
6,C0117,2025-04-10,11311
7,C0152,2025-05-11,1885
8,C0053,2025-12-10,14003
9,C0158,2026-01-21,5511
10,C0188,2025-10-04,1384
11,C0058,2025-01-22,6596
12,C0089,2026-04-20,9474
13,C0170,2026-04-21,2947
14,C0015,2025-07-09,2934
15,C0190,2025-09-01,1728
16,C0131,2026-04-30,4090
17,C0135,2025-01-21,11280
18,C0167,2025-10-01,10827
19,C0089,2025-11-12,10453
20,C0009,2025-12-12,2812
21,C0130,2025-12-06,6435
22,C0111,2026-03-31,10948
23,C0008,2025-02-04,14741
24,C0081,2026-01-23,3273
25,C0134,2025-04-16,4043
26,C0054,2026-04-22,13190
27,C0146,2025-06-11,4497
28,C0190,2025-09-27,13303
29,C0015,2026-04-01,7829
30,C0190,2025-10-23,8092
31,C0082,2025-02-22,5087
32,C0154,2025-08-05,5059
33,C0188,2026-01-15,8884
34,C0041,2025-06-06,2262
35,C0045,2025-03-06,8206
36,C0009,2025-12-10,13640
37,C0136,2026-04-17,5458
38,C0081,2026-01-27,14186
39,C0163,2025-10-16,12866
40,C0005,2026-05-05,10670
41,C0041,2025-01-28,6478
42,C0072,2025-02-02,7415
43,C0151,2025-04-09,2931
44,C0104,2026-04-07,11082
45,C0001,2025-01-05,7585
46,C0142,2026-01-28,406
47,C0015,2026-04-06,8058
48,C0063,2025-08-29,8955
49,C0096,2026-04-30,7774
50,C0143,2025-06-20,4836
51,C0036,2025-06-09,10114
52,C0086,2025-01-28,14131
53,C0044,2025-12-06,10373
54,C0075,2026-05-21,10430
55,C0092,2026-04-18,11694
56,C0190,2025-08-13,13896
57,C0121,2025-10-10,12421
58,C0121,2025-09-16,7726
59,C0198,2026-04-01,5730
60,C0137,2025-11-14,3948
61,C0051,2025-08-22,13171
62,C0152,2026-01-09,12135
63,C0096,2026-04-17,3504
64,C0180,2025-04-23,2053
65,C0186,2025-09-25,3781
66,C0039,2026-01-21,7754
67,C0113,2025-03-22,898
68,C0113,2025-01-02,4937
69,C0054,2025-08-13,6728
70,C0147,2025-05-10,5372
71,C0172,2026-02-20,14782
72,C0068,2026-03-15,402
73,C0184,2025-05-03,12888
74,C0038,2025-10-07,8204
75,C0116,2025-07-17,7325
76,C0139,2026-05-26,6487
77,C0097,2025-07-20,9539
78,C0187,2025-11-22,2711
79,C0093,2026-02-07,9761
80,C0195,2026-05-26,8538
81,C0148,2026-05-04,3176
82,C0168,2025-12-04,11311
83,C0129,2026-04-18,14457
84,C0151,2026-02-19,4261
85,C0042,2025-09-20,14275
86,C0144,2025-12-12,9015
87,C0060,2025-01-02,5623
88,C0140,2026-03-29,3308
89,C0160,2025-01-09,7600
90,C0099,2025-07-27,1354
91,C0148,2025-06-01,6397
92,C0120,2026-02-24,9837
93,C0104,2025-09-11,11575
94,C0099,2025-06-02,14372
95,C0146,2025-12-04,12169
96,C0054,2025-06-12,12183
97,C0189,2025-06-10,5899
98,C0033,2026-02-02,9692
99,C0048,2026-05-19,6215
100,C0136,2025-05-15,1418
101,C0145,2025-02-02,11127
102,C0187,2026-04-15,3646
103,C0022,2025-02-07,14765
104,C0109,2026-03-14,6095
105,C0027,2025-01-27,425
106,C0021,2025-10-11,7222
107,C0192,2026-04-26,12940
108,C0061,2026-05-31,4842
109,C0192,2025-02-18,7879
110,C0017,2025-06-21,9635
111,C0158,2026-04-22,1269
112,C0117,2026-06-02,14634
113,C0124,2025-02-06,2527
114,C0093,2026-05-12,501
115,C0181,2025-04-09,899
116,C0116,2025-07-10,10692
117,C0160,2025-06-10,3527
118,C0067,2025-05-08,10457
119,C0025,2025-11-19,2095
120,C0174,2025-10-15,4214
121,C0086,2025-06-04,10929
122,C0130,2025-04-14,8296
123,C0137,2025-09-03,7543
124,C0039,2026-04-22,6001
125,C0026,2026-02-12,8916
126,C0060,2026-05-21,3150
127,C0057,2025-02-05,4980
128,C0020,2025-11-17,12239
129,C0144,2026-04-16,9558
130,C0092,2025-12-20,13321
131,C0032,2025-02-20,12128
132,C0186,2025-07-09,1348
133,C0150,2025-11-10,7709
134,C0049,2025-02-23,2691
135,C0101,2025-09-21,3324
136,C0060,2025-01-05,5422
137,C0196,2025-12-16,4342
138,C0099,2025-09-26,4665
139,C0124,2025-04-16,1893
140,C0147,2025-04-30,1030
141,C0019,2025-02-27,14462
142,C0090,2026-04-19,8508
143,C0062,2025-05-07,7760
144,C0140,2025-02-27,13121
145,C0001,2025-04-06,8005
146,C0118,2026-05-03,7604
147,C0117,2025-09-29,13700
148,C0192,2026-03-23,780
149,C0022,2025-09-04,8330
150,C0076,2025-06-03,1879
151,C0179,2025-03-27,2944
152,C0029,2025-08-08,5388
153,C0047,2025-04-04,14261
154,C0190,2026-03-29,13715
155,C0144,2025-08-06,6817
156,C0176,2025-12-07,13038
157,C0100,2025-10-16,7621
158,C0101,2025-01-23,6081
159,C0010,2025-04-10,3049
160,C0180,2025-08-11,7105
161,C0147,2026-03-18,10023
162,C0001,2025-11-21,4811
163,C0016,2025-12-02,6078
164,C0002,2026-05-12,9287
165,C0160,2026-04-20,1051
166,C0152,2026-01-15,9960
167,C0161,2026-03-03,5932
168,C0012,2026-02-21,13679
169,C0074,2025-02-12,7923
170,C0029,2026-02-01,4307
171,C0095,2025-10-29,12361
172,C0035,2025-03-31,9167
173,C0093,2026-02-22,8506
174,C0105,2025-07-15,1025
175,C0114,2026-05-08,11538
176,C0157,2026-01-11,7787
177,C0021,2026-01-29,6188
178,C0152,2025-07-11,2986
179,C0177,2025-04-09,4279
180,C0036,2025-04-06,10079
181,C0151,2025-07-09,12524
182,C0012,2026-01-04,3966
183,C0013,2025-10-06,14752
184,C0099,2025-09-30,12344
185,C0062,2025-12-08,4692
186,C0187,2025-01-19,14712
187,C0100,2026-01-31,14980
188,C0147,2025-03-17,4560
189,C0199,2026-01-19,5146
190,C0111,2025-05-24,5180
191,C0069,2025-04-09,4691
192,C0025,2026-04-14,7851
193,C0053,2025-05-31,1367
194,C0057,2025-02-08,2356
195,C0181,2025-02-11,5505
196,C0167,2026-02-02,11686
197,C0122,2025-05-13,7530
198,C0075,2025-01-09,7441
199,C0186,2026-05-07,7256
200,C0007,2025-06-23,14164
201,C0168,2025-06-19,13904
202,C0178,2025-07-13,1740
203,C0029,2025-06-14,5741
204,C0083,2026-05-11,9780
205,C0065,2025-12-08,8891
206,C0145,2026-05-26,7694
207,C0045,2025-05-12,10219
208,C0070,2025-09-09,3686
209,C0019,2026-03-21,3123
210,C0182,2025-06-16,4386
211,C0090,2025-02-08,11914
212,C0173,2025-08-08,3909
213,C0058,2026-04-21,8847
214,C0061,2025-12-27,10350
215,C0001,2026-01-22,10388
216,C0092,2025-07-09,704
217,C0191,2026-05-23,11832
218,C0153,2025-04-27,333
219,C0058,2025-06-22,2052
220,C0047,2025-05-29,4375
221,C0118,2025-08-01,12690
222,C0164,2025-08-15,14170
223,C0020,2026-03-17,6390
224,C0049,2025-05-23,3686
225,C0001,2026-01-08,12029
226,C0118,2025-09-16,2903
227,C0185,2025-01-12,1553
228,C0016,2025-12-24,11411
229,C0152,2026-01-08,13519
230,C0122,2025-12-14,7019
231,C0090,2025-11-12,739
232,C0101,2025-02-10,5035
233,C0192,2026-05-17,7302
234,C0145,2025-07-20,13416
235,C0157,2025-09-10,12877
236,C0082,2025-09-13,5004
237,C0047,2026-03-26,209
238,C0056,2025-08-30,7618
239,C0109,2025-01-05,1215
240,C0033,2026-01-09,11528
241,C0146,2025-08-12,13750
242,C0177,2025-10-09,4358
243,C0086,2026-04-06,4200
244,C0098,2025-04-15,7466
245,C0129,2026-02-09,8375
246,C0055,2026-06-02,12963
247,C0197,2026-03-13,7390
248,C0053,2026-04-03,4378
249,C0145,2025-03-26,7445
250,C0110,2025-01-01,12538
251,C0173,2026-03-22,4744
252,C0113,2026-05-03,10215
253,C0034,2025-12-14,14630
254,C0072,2025-06-03,449
255,C0162,2026-03-14,10557
256,C0003,2025-11-02,4563
257,C0193,2025-02-23,8627
258,C0133,2026-02-05,4919
259,C0047,2025-07-26,1452
260,C0085,2025-03-16,4730
261,C0103,2026-02-26,13251
262,C0038,2025-11-02,6441
263,C0082,2025-12-01,7202
264,C0179,2026-03-23,10409
265,C0052,2025-09-06,4461
266,C0079,2025-04-16,7930
267,C0081,2025-05-13,5092
268,C0132,2025-05-18,6527
269,C0145,2025-11-26,3032
270,C0084,2025-03-10,10985
271,C0006,2025-02-22,5769
272,C0126,2025-02-12,12215
273,C0115,2025-04-21,960
274,C0151,2025-07-02,6438
275,C0118,2026-06-04,9291
276,C0104,2025-10-08,11658
277,C0096,2025-07-14,866
278,C0093,2025-03-02,6977
279,C0051,2026-02-07,8156
280,C0005,2026-04-11,13091
281,C0170,2026-02-09,7181
282,C0001,2025-08-21,723
283,C0090,2025-02-15,2793
284,C0177,2025-03-19,10145
285,C0045,2025-03-14,7137
286,C0047,2025-05-01,10653
287,C0056,2025-12-16,12594
288,C0063,2025-02-17,3844
289,C0081,2025-01-26,13768
290,C0008,2025-09-10,6011
291,C0047,2025-02-25,13213
292,C0014,2026-04-19,12515
293,C0078,2025-08-04,564
294,C0154,2025-11-08,13370
295,C0007,2025-01-03,1846
296,C0151,2025-12-29,6070
297,C0018,2026-05-21,7149
298,C0115,2025-01-15,13703
299,C0119,2026-04-30,10467
300,C0039,2025-09-30,13742
301,C0086,2026-04-19,325
302,C0044,2025-05-25,3796
303,C0025,2026-01-29,8458
304,C0109,2025-05-26,10550
305,C0111,2026-04-15,14569
306,C0111,2026-01-04,7091
307,C0083,2026-03-01,11052
308,C0006,2025-10-09,1961
309,C0187,2025-11-11,1076
310,C0198,2026-01-12,9704
311,C0181,2025-10-04,1933
312,C0070,2026-05-18,6967
313,C0004,2025-12-16,7186
314,C0190,2025-12-16,14118
315,C0152,2025-05-17,13246
316,C0131,2025-08-31,2790
317,C0040,2025-08-17,10987
318,C0152,2025-08-11,205
319,C0066,2026-04-13,14243
320,C0075,2025-01-04,6166
321,C0134,2025-04-28,11320
322,C0094,2026-05-19,14509
323,C0179,2026-03-17,4489
324,C0079,2026-01-27,13946
325,C0173,2025-10-27,14156
326,C0070,2026-02-14,9533
327,C0068,2025-08-13,13019
328,C0113,2025-05-20,13046
329,C0001,2025-03-31,13141
330,C0064,2025-05-19,7188
331,C0003,2025-01-10,460
332,C0151,2025-06-21,7241
333,C0013,2025-06-17,12105
334,C0084,2025-11-17,1542
335,C0101,2025-11-25,3032
336,C0009,2026-02-23,12069
337,C0095,2025-11-14,12419
338,C0178,2025-11-30,2108
339,C0120,2026-04-04,5456
340,C0162,2026-05-28,5615
341,C0064,2025-12-15,8207
342,C0011,2025-08-17,6613
343,C0060,2025-10-18,5020
344,C0165,2025-01-05,3098
345,C0123,2025-03-19,7777
346,C0062,2025-05-12,800
347,C0042,2025-03-30,10841
348,C0040,2025-10-22,13103
349,C0014,2026-02-26,6184
350,C0023,2025-05-23,9384
351,C0153,2025-05-25,1448
352,C0194,2025-04-14,4218
353,C0039,2025-07-17,5965
354,C0067,2026-01-26,1402
355,C0200,2026-03-24,7867
356,C0015,2025-10-16,10427
357,C0155,2026-02-24,2404
358,C0038,2026-03-17,1320
359,C0155,2025-10-16,5573
360,C0196,2026-06-01,14146
361,C0074,2025-04-28,11245
362,C0141,2025-06-08,13302
363,C0109,2025-08-04,8063
364,C0015,2025-06-06,3919
365,C0005,2025-06-06,14582
366,C0068,2025-05-10,294
367,C0115,2025-10-19,993
368,C0043,2025-10-10,2316
369,C0148,2025-01-11,11717
370,C0074,2025-05-14,13199
371,C0023,2025-12-12,10741
372,C0107,2026-01-31,10657
373,C0141,2025-07-29,1184
374,C0111,2026-04-05,7347
375,C0100,2025-11-20,11327
376,C0037,2025-05-07,3377
377,C0092,2026-01-13,6224
378,C0051,2025-01-29,11925
379,C0040,2025-10-24,3997
380,C0011,2026-02-11,1992
381,C0046,2026-02-09,3617
382,C0110,2026-02-24,9597
383,C0057,2025-01-01,2054
384,C0182,2026-01-06,5231
385,C0143,2026-03-07,7312
386,C0053,2025-05-17,8593
387,C0180,2025-11-09,4412
388,C0154,2025-09-01,736
389,C0090,2025-03-16,8173
390,C0130,2025-07-29,8866
391,C0162,2025-12-13,3800
392,C0128,2025-06-28,1405
393,C0152,2025-01-25,2190
394,C0180,2026-05-16,6175
395,C0161,2025-06-26,4580
396,C0063,2025-06-05,5788
397,C0049,2025-03-25,3632
398,C0177,2025-05-28,3901
399,C0086,2026-04-21,5382
400,C0189,2025-12-26,6904
401,C0071,2025-05-21,9381
402,C0179,2025-11-14,2279
403,C0158,2025-10-12,11768
404,C0173,2026-04-22,8677
405,C0144,2026-02-28,7386
406,C0018,2026-01-06,11449
407,C0194,2026-05-17,5283
408,C0113,2025-04-24,11685
409,C0166,2025-09-21,12542
410,C0103,2026-04-03,10293
411,C0162,2026-01-15,12456
412,C0087,2025-02-24,7843
413,C0032,2025-06-27,3662
414,C0093,2025-01-08,1032
415,C0057,2026-03-19,14278
416,C0072,2025-02-23,3510
417,C0067,2025-02-20,7976
418,C0092,2025-09-21,8170
419,C0096,2025-03-29,9703
420,C0120,2026-05-06,12375
421,C0196,2026-05-15,8556
422,C0182,2026-04-14,5205
423,C0055,2025-01-07,4625
424,C0007,2025-05-31,11548
425,C0147,2026-01-16,9306
426,C0036,2025-10-12,4377
427,C0002,2026-01-21,13194
428,C0119,2026-01-31,1755
429,C0005,2025-09-13,14245
430,C0137,2025-08-14,13564
431,C0172,2026-05-15,11969
432,C0086,2025-12-30,13791
433,C0081,2025-06-07,2879
434,C0059,2025-05-08,5031
435,C0114,2025-04-25,11672
436,C0014,2025-08-25,1504
437,C0103,2025-07-20,6077
438,C0022,2025-08-23,2741
439,C0004,2026-03-18,10468
440,C0109,2025-03-16,7181
441,C0146,2025-05-08,12316
442,C0042,2025-12-22,8432
443,C0166,2025-02-03,7384
444,C0165,2025-06-02,7341
445,C0122,2025-12-08,12444
446,C0027,2025-10-14,845
447,C0168,2025-09-25,14260
448,C0053,2026-03-31,11345
449,C0173,2026-02-05,3169
450,C0190,2025-05-10,3267
451,C0054,2025-12-29,12168
452,C0051,2025-10-19,5690
453,C0026,2025-01-29,8540
454,C0011,2025-10-23,10450
455,C0164,2025-04-23,8578
456,C0039,2025-08-15,1533
457,C0098,2025-02-24,6966
458,C0152,2026-02-10,6412
459,C0056,2025-10-16,10177
460,C0036,2025-05-28,1962
461,C0081,2026-05-22,12852
462,C0154,2026-03-26,1724
463,C0073,2025-10-23,5336
464,C0129,2025-08-05,260
465,C0171,2025-02-11,12512
466,C0039,2025-05-11,11961
467,C0108,2025-06-21,9850
468,C0102,2025-10-02,10028
469,C0044,2025-01-17,529
470,C0057,2026-05-12,8182
471,C0012,2025-11-14,12055
472,C0083,2025-03-22,1950
473,C0118,2025-07-19,6809
474,C0089,2025-09-25,12118
475,C0059,2026-05-04,8244
476,C0026,2025-02-16,11751
477,C0010,2025-01-16,5006
478,C0145,2025-03-27,12737
479,C0135,2025-12-01,9020
480,C0007,2025-05-17,11322
481,C0176,2026-05-13,9218
482,C0082,2025-08-11,5285
483,C0116,2026-02-06,1666
484,C0103,2025-09-30,7893
485,C0159,2025-06-01,7338
486,C0108,2025-07-07,8180
487,C0098,2025-05-11,13682
488,C0168,2025-07-02,7326
489,C0108,2025-02-08,7894
490,C0120,2026-05-12,11979
491,C0093,2026-02-01,11161
492,C0161,2025-01-16,8884
493,C0170,2025-04-18,11913
494,C0055,2025-06-19,745
495,C0158,2025-09-08,13246
496,C0013,2025-05-21,13785
497,C0160,2025-02-08,9205
498,C0029,2026-04-22,12805
499,C0185,2025-09-29,3711
500,C0121,2025-09-23,7269
501,C0153,2025-12-25,4635
502,C0133,2025-01-03,11892
503,C0142,2026-01-11,2233
504,C0068,2025-05-26,14469
505,C0037,2026-03-08,9096
506,C0181,2026-02-03,8256
507,C0088,2025-05-20,10626
508,C0037,2025-03-02,12460
509,C0171,2026-01-15,5005
510,C0039,2026-03-16,7686
511,C0046,2025-12-10,8402
512,C0062,2025-08-14,8078
513,C0052,2025-11-06,9276
514,C0110,2025-11-26,7474
515,C0057,2025-08-06,1136
516,C0003,2026-06-01,1996
517,C0054,2025-02-16,926
518,C0177,2025-04-09,13531
519,C0122,2026-05-05,2666
520,C0178,2025-03-03,7512
521,C0003,2025-06-09,8106
522,C0013,2025-04-30,1092
523,C0089,2025-11-25,4875
524,C0142,2025-12-23,12073
525,C0011,2025-11-19,11074
526,C0029,2025-07-14,5216
527,C0076,2025-06-19,13008
528,C0040,2025-09-18,9810
529,C0187,2025-08-14,9375
530,C0124,2025-02-07,14863
531,C0133,2025-06-25,14113
532,C0146,2026-03-30,8428
533,C0060,2025-04-24,11503
534,C0045,2025-08-12,517
535,C0093,2025-04-25,2945
536,C0067,2025-02-09,14377
537,C0040,2025-10-16,9677
538,C0147,2025-12-02,3439
539,C0092,2025-12-19,1904
540,C0013,2025-12-29,2804
541,C0089,2025-06-19,12843
542,C0191,2026-02-26,4995
543,C0007,2025-05-13,756
544,C0058,2025-01-31,12913
545,C0138,2025-12-29,11900
546,C0158,2025-03-23,2603
547,C0002,2025-10-22,10377
548,C0013,2025-02-15,10082
549,C0113,2025-08-21,2264
550,C0104,2025-08-11,7209
551,C0188,2026-03-24,14900
552,C0163,2025-11-22,10906
553,C0158,2026-03-31,13073
554,C0063,2026-02-16,771
555,C0079,2025-08-10,10476
556,C0022,2025-07-15,7259
557,C0096,2026-04-29,1465
558,C0068,2025-07-11,1240
559,C0012,2026-02-05,8273
560,C0118,2025-01-22,4769
561,C0120,2025-07-29,2553
562,C0014,2025-10-12,5011
563,C0164,2025-08-15,5243
564,C0125,2026-04-05,5326
565,C0029,2025-02-02,8013
566,C0111,2025-03-20,12391
567,C0179,2026-04-04,13057
568,C0026,2026-04-27,9845
569,C0029,2026-05-31,14488
570,C0099,2026-02-01,238
571,C0015,2025-06-06,1298
572,C0116,2025-05-10,14198
573,C0084,2025-01-22,11922
574,C0027,2026-01-17,11903
575,C0092,2025-01-21,6646
576,C0101,2025-03-25,1882
577,C0185,2026-03-29,13898
578,C0001,2025-06-11,2180
579,C0163,2025-09-28,6835
580,C0027,2025-03-01,6773
581,C0145,2025-11-05,8911
582,C0079,2025-01-27,14197
583,C0050,2025-07-18,14922
584,C0093,2026-01-13,3146
585,C0148,2025-06-02,10645
586,C0199,2025-09-30,12357
587,C0084,2026-05-16,316
588,C0130,2025-12-10,783
589,C0139,2025-03-05,3988
590,C0072,2025-10-01,10405
591,C0064,2025-12-04,1589
592,C0095,2025-06-15,9959
593,C0011,2025-10-28,9120
594,C0033,2025-04-12,3696
595,C0136,2025-08-02,3962
596,C0088,2026-02-05,6931
597,C0121,2025-02-15,5991
598,C0080,2025-11-06,13597
599,C0092,2025-08-30,14531
600,C0097,2025-01-02,6568
601,C0033,2025-04-26,8033
602,C0150,2025-04-13,10633
603,C0166,2025-03-31,1909
604,C0122,2025-05-23,3241
605,C0106,2026-03-04,13816
606,C0104,2025-11-13,6282
607,C0123,2025-01-09,7117
608,C0073,2025-12-25,10662
609,C0160,2026-01-05,9107
610,C0008,2025-11-14,9499
611,C0062,2025-04-21,8642
612,C0127,2025-01-07,658
613,C0084,2025-07-27,1099
614,C0134,2025-11-10,221
615,C0154,2026-05-30,7494
616,C0041,2025-01-14,13458
617,C0012,2025-03-28,11987
618,C0141,2025-10-28,1466
619,C0122,2025-05-27,3838
620,C0100,2025-11-05,4990
621,C0032,2025-11-03,8179
622,C0082,2025-12-18,8703
623,C0105,2025-02-28,11363
624,C0035,2026-03-21,6436
625,C0182,2025-07-26,552
626,C0135,2025-11-28,12280
627,C0094,2025-06-08,10369
628,C0189,2025-01-24,8795
629,C0037,2026-05-31,11171
630,C0108,2026-01-17,6875
631,C0188,2025-06-01,1912
632,C0179,2026-02-24,9665
633,C0117,2026-05-27,12203
634,C0066,2025-12-01,9833
635,C0164,2025-10-22,12401
636,C0115,2025-07-05,9661
637,C0125,2025-09-25,3914
638,C0018,2025-01-21,3158
639,C0099,2026-06-04,10539
640,C0087,2025-10-25,9331
641,C0014,2025-11-30,201
642,C0119,2025-10-20,12397
643,C0041,2025-11-14,1725
644,C0060,2026-01-16,1846
645,C0014,2026-05-19,2478
646,C0084,2025-05-10,4014
647,C0070,2025-05-25,11330
648,C0089,2025-01-28,2313
649,C0163,2025-08-17,4556
650,C0193,2026-02-28,4755
651,C0184,2025-10-28,7262
652,C0047,2025-10-14,3666
653,C0010,2025-09-27,11031
654,C0093,2025-12-27,9672
655,C0133,2025-10-03,6095
656,C0171,2026-05-28,10752
657,C0064,2025-10-11,3392
658,C0107,2025-07-23,10604
659,C0049,2026-05-12,10047
660,C0044,2025-06-05,1590
661,C0134,2025-09-08,1156
662,C0148,2025-11-30,1168
663,C0037,2025-01-20,481
664,C0029,2025-01-01,6462
665,C0035,2025-07-17,10924
666,C0059,2025-06-10,9400
667,C0179,2025-07-25,9427
668,C0020,2025-08-30,1439
669,C0043,2025-05-06,12457
670,C0050,2025-07-04,5542
671,C0184,2026-05-10,6770
672,C0178,2026-03-04,13805
673,C0084,2025-05-31,6727
674,C0126,2025-11-04,13847
675,C0178,2026-01-10,7375
676,C0085,2025-05-09,9406
677,C0008,2025-12-18,13869
678,C0005,2026-05-10,12573
679,C0175,2025-07-12,14846
680,C0119,2025-08-06,10866
681,C0158,2025-04-24,12441
682,C0145,2025-10-30,12344
683,C0076,2025-12-11,5109
684,C0196,2025-01-01,13798
685,C0142,2025-02-22,9719
686,C0069,2025-12-27,12065
687,C0190,2025-08-08,4233
688,C0192,2025-06-10,8048
689,C0089,2025-06-08,688
690,C0068,2026-01-16,3373
691,C0132,2025-01-19,3753
692,C0082,2026-02-01,1200
693,C0023,2025-12-31,5650
694,C0129,2025-12-10,8389
695,C0054,2026-03-31,10016
696,C0143,2025-03-06,11539
697,C0199,2025-05-23,9308
698,C0147,2026-04-18,1640
699,C0049,2026-05-12,14826
700,C0172,2025-04-12,14497
701,C0011,2025-01-03,6428
702,C0026,2025-11-24,3063
703,C0194,2026-03-30,10339
704,C0117,2025-08-09,1377
705,C0153,2025-01-12,5452
706,C0048,2025-10-20,11414
707,C0044,2025-02-12,9335
708,C0087,2025-11-22,10937
709,C0108,2026-03-03,9396
710,C0021,2026-02-11,9406
711,C0080,2025-04-27,5443
712,C0143,2025-02-20,12246
713,C0068,2025-05-21,12957
714,C0019,2025-11-30,6212
715,C0196,2026-01-08,12027
716,C0027,2025-06-05,14826
717,C0136,2025-05-24,305
718,C0164,2025-01-02,12408
719,C0077,2025-03-31,11808
720,C0094,2026-04-04,1486
721,C0095,2025-04-18,13550
722,C0141,2025-06-08,3854
723,C0191,2025-11-08,8305
724,C0189,2025-10-25,5247
725,C0036,2025-03-25,9867
726,C0118,2026-01-20,5491
727,C0120,2025-12-28,11330
728,C0141,2025-04-28,1500
729,C0137,2025-01-26,4816
730,C0015,2025-01-10,13471
731,C0122,2025-06-01,5015
732,C0049,2025-06-03,13346
733,C0037,2025-02-19,7007
734,C0019,2025-03-01,3473
735,C0089,2025-05-26,5210
736,C0164,2026-03-15,14777
737,C0069,2026-04-28,3379
738,C0161,2026-03-08,3052
739,C0143,2026-02-23,1187
740,C0199,2025-06-09,9938
741,C0138,2025-03-18,6852
742,C0185,2025-09-11,5216
743,C0002,2025-11-16,14314
744,C0007,2026-01-09,6980
745,C0167,2026-04-04,13486
746,C0024,2025-10-29,11994
747,C0068,2025-08-06,1325
748,C0042,2025-10-15,9582
749,C0109,2025-02-05,13231
750,C0097,2025-03-14,5672
751,C0123,2025-03-11,2672
752,C0196,2026-06-01,2675
753,C0027,2025-06-09,14684
754,C0008,2025-08-18,1935
755,C0050,2025-03-08,11453
756,C0044,2026-01-16,12545
757,C0003,2025-12-08,5449
758,C0172,2025-07-28,4074
759,C0098,2026-04-16,14309
760,C0116,2025-09-21,861
761,C0044,2026-03-18,12011
762,C0197,2026-04-22,10726
763,C0047,2025-11-07,407
764,C0106,2026-03-22,7013
765,C0121,2025-02-24,11351
766,C0012,2026-02-04,10323
767,C0136,2026-05-30,1879
768,C0030,2025-08-25,7646
769,C0092,2025-04-14,13117
770,C0005,2025-09-05,8755
771,C0065,2025-10-13,348
772,C0084,2026-02-10,7321
773,C0200,2025-06-10,1212
774,C0016,2026-04-05,9915
775,C0142,2026-04-26,5982
776,C0114,2025-12-27,540
777,C0002,2026-03-25,6162
778,C0067,2025-06-29,10117
779,C0151,2025-07-15,4606
780,C0006,2026-02-23,8797
781,C0171,2025-05-23,4637
782,C0060,2025-04-11,8635
783,C0012,2025-08-27,760
784,C0042,2026-03-05,2026
785,C0158,2025-08-04,12465
786,C0158,2026-04-07,8525
787,C0067,2025-01-07,13435
788,C0014,2025-03-14,12886
789,C0149,2025-05-10,3178
790,C0020,2025-09-23,5856
791,C0194,2025-09-10,13800
792,C0164,2025-04-05,6101
793,C0065,2025-04-20,14871
794,C0054,2025-08-26,14916
795,C0180,2026-04-28,2160
796,C0134,2025-01-25,5972
797,C0117,2026-04-27,3164
798,C0196,2025-03-20,14091
799,C0173,2025-01-12,8167
800,C0128,2025-04-02,12116
801,C0031,2026-03-23,12877
802,C0160,2025-02-12,4549
803,C0130,2025-03-01,11102
804,C0031,2026-06-01,10345
805,C0010,2025-12-11,4937
806,C0126,2025-09-10,10342
807,C0056,2026-04-08,8848
808,C0083,2025-04-09,12636
809,C0073,2025-06-05,12677
810,C0115,2025-09-20,8791
811,C0097,2025-09-17,14283
812,C0103,2025-04-11,1582
813,C0124,2025-08-09,9211
814,C0164,2025-05-04,4717
815,C0178,2025-03-04,9900
816,C0116,2026-04-28,14690
817,C0092,2026-03-31,10156
818,C0086,2026-05-25,13694
819,C0130,2026-02-09,2493
820,C0079,2026-04-16,8193
821,C0120,2026-02-27,9292
822,C0065,2025-01-13,6556
823,C0181,2025-12-04,14508
824,C0173,2025-06-13,8856
825,C0188,2026-01-30,4998
826,C0149,2025-11-04,6087
827,C0183,2026-05-25,6027
828,C0034,2025-08-15,14256
829,C0180,2026-02-26,10993
830,C0021,2026-02-01,2872
831,C0105,2025-07-11,216
832,C0120,2026-01-28,8816
833,C0129,2025-05-10,771
834,C0048,2025-01-29,9512
835,C0010,2025-08-30,4097
836,C0188,2025-08-20,9180
837,C0028,2025-07-19,7288
838,C0079,2025-06-22,13927
839,C0172,2026-03-25,6430
840,C0101,2025-01-08,5140
841,C0200,2026-05-20,12574
842,C0043,2026-01-20,7988
843,C0179,2026-02-12,7850
844,C0152,2025-01-17,1868
845,C0148,2025-10-04,12719
846,C0058,2026-01-01,10066
847,C0180,2026-02-03,5530
848,C0135,2026-05-14,8954
849,C0186,2025-09-18,9164
850,C0094,2025-12-18,10959
851,C0064,2025-05-18,9965
852,C0111,2026-01-03,11683
853,C0081,2025-08-11,12111
854,C0104,2025-11-25,3209
855,C0178,2026-01-17,7179
856,C0078,2025-06-18,12704
857,C0122,2025-04-29,4485
858,C0114,2025-05-29,3947
859,C0140,2026-05-03,969
860,C0118,2025-06-09,14886
861,C0144,2025-10-15,11751
862,C0124,2025-08-14,8914
863,C0010,2025-09-30,9327
864,C0146,2025-07-02,12432
865,C0153,2026-05-03,6146
866,C0078,2025-05-04,7328
867,C0114,2026-02-18,14491
868,C0172,2025-10-15,885
869,C0113,2025-05-02,9959
870,C0119,2025-02-08,10936
871,C0012,2025-08-21,11382
872,C0018,2025-05-29,11860
873,C0149,2025-10-29,7727
874,C0135,2025-08-24,10151
875,C0086,2025-08-23,9760
876,C0022,2026-04-11,13257
877,C0029,2025-08-01,4758
878,C0180,2025-10-10,12070
879,C0151,2025-03-29,13555
880,C0022,2026-02-25,1924
881,C0097,2026-05-30,9094
882,C0118,2025-01-19,222
883,C0157,2025-01-30,6126
884,C0108,2026-01-02,9696
885,C0128,2025-08-17,13622
886,C0136,2025-12-28,7553
887,C0144,2025-05-09,6195
888,C0005,2026-05-30,648
889,C0132,2025-04-14,13994
890,C0064,2026-05-06,2720
891,C0010,2026-02-09,4167
892,C0046,2025-08-19,14242
893,C0155,2025-03-07,2359
894,C0013,2026-01-28,2747
895,C0164,2025-08-22,2849
896,C0058,2025-01-12,10648
897,C0014,2026-02-22,7804
898,C0121,2025-01-20,2834
899,C0144,2025-03-11,12287
900,C0101,2025-05-12,9796
901,C0132,2025-01-20,2129
902,C0024,2025-08-15,7521
903,C0037,2026-04-14,13309
904,C0103,2026-02-09,14737
905,C0038,2025-07-07,1280
906,C0173,2025-01-20,10712
907,C0119,2026-05-31,3492
908,C0014,2026-05-30,4631
909,C0186,2025-02-24,6843
910,C0132,2025-06-11,793
911,C0147,2025-06-08,11651
912,C0060,2025-11-15,6197
913,C0150,2025-04-19,13587
914,C0030,2025-11-10,5293
915,C0117,2025-01-19,8823
916,C0173,2025-12-16,12670
917,C0113,2025-07-02,10920
918,C0146,2025-04-23,3010
919,C0047,2025-04-28,10228
920,C0161,2026-02-05,12685
921,C0004,2025-02-16,2210
922,C0143,2025-03-19,2371
923,C0075,2025-05-17,13089
924,C0144,2026-05-20,8891
925,C0061,2025-05-18,2297
926,C0003,2025-09-11,14516
927,C0198,2026-03-02,8938
928,C0046,2025-12-15,8199
929,C0165,2025-02-18,9095
930,C0005,2025-12-22,10017
931,C0004,2025-10-22,5305
932,C0163,2025-11-09,11051
933,C0070,2025-07-01,885
934,C0060,2025-12-30,4483
935,C0057,2026-02-12,9267
936,C0106,2026-02-18,9757
937,C0135,2025-06-12,2174
938,C0014,2026-02-04,11645
939,C0106,2025-07-24,781
940,C0044,2025-08-16,10111
941,C0107,2025-09-07,1074
942,C0185,2025-07-15,889
943,C0161,2026-06-03,11533
944,C0127,2026-02-03,14489
945,C0160,2025-07-22,1371
946,C0143,2025-07-18,1649
947,C0154,2026-05-07,4159
948,C0128,2025-05-22,5632
949,C0165,2025-11-10,6364
950,C0082,2025-05-11,3870
951,C0165,2025-11-01,2138
952,C0115,2026-01-19,10323
953,C0189,2026-03-01,6504
954,C0178,2026-05-05,14862
955,C0086,2025-10-16,13080
956,C0152,2025-12-20,6371
957,C0186,2025-02-12,14192
958,C0167,2025-06-26,4824
959,C0098,2026-05-09,12685
960,C0098,2026-06-01,1737
961,C0022,2025-04-22,13568
962,C0066,2025-04-08,11607
963,C0112,2026-03-11,13124
964,C0167,2025-03-27,13075
965,C0088,2025-10-21,14467
966,C0059,2025-08-31,2054
967,C0049,2025-02-01,14926
968,C0021,2025-06-03,14918
969,C0068,2025-08-02,5974
970,C0120,2025-08-01,14614
971,C0116,2026-01-16,11440
972,C0168,2025-02-27,4067
973,C0026,2026-03-23,2313
974,C0153,2025-09-11,4170
975,C0200,2025-02-13,7464
976,C0042,2025-08-15,5069
977,C0167,2026-03-12,10206
978,C0089,2026-01-14,13689
979,C0171,2025-11-03,13266
980,C0012,2025-01-08,8287
981,C0041,2025-06-13,8876
982,C0085,2025-03-13,6910
983,C0137,2025-08-26,5423
984,C0042,2026-04-13,3725
985,C0012,2026-01-21,3022
986,C0080,2026-01-22,11316
987,C0003,2025-10-10,14137
988,C0107,2025-02-09,6829
989,C0161,2025-08-08,3400
990,C0008,2025-09-17,7333
991,C0198,2026-01-01,10173
992,C0019,2025-01-16,5448
993,C0063,2025-04-19,10302
994,C0021,2025-09-26,7529
995,C0004,2025-04-12,1729
996,C0059,2025-09-04,3911
997,C0027,2025-05-11,10792
998,C0196,2026-01-17,11461
999,C0133,2025-08-15,11939
1000,C0009,2026-01-07,11949
1001,C0178,2025-07-30,7744
1002,C0139,2026-03-26,3190
1003,C0108,2026-04-02,11164
1004,C0131,2026-04-21,10213
1005,C0021,2025-06-05,4031
1006,C0190,2026-02-21,9372
1007,C0163,2025-02-10,6650
1008,C0175,2025-12-04,5633
1009,C0075,2025-10-06,11639
1010,C0128,2025-09-30,7180
1011,C0108,2025-10-16,9115
1012,C0125,2025-09-29,6249
1013,C0066,2026-04-28,9327
1014,C0156,2025-02-16,2158
1015,C0198,2025-07-20,5979
1016,C0124,2025-01-01,5263
1017,C0087,2025-07-10,9994
1018,C0004,2026-03-18,6240
1019,C0047,2025-05-23,7558
1020,C0021,2025-08-15,9728
1021,C0117,2025-10-29,8379
1022,C0142,2026-04-05,7768
1023,C0039,2026-01-28,12330
1024,C0077,2025-07-26,10649
1025,C0115,2025-09-08,6562
1026,C0151,2026-03-19,3874
1027,C0098,2025-05-22,2859
1028,C0072,2026-05-22,8987
1029,C0113,2025-10-08,623
1030,C0088,2025-09-27,4449
1031,C0102,2025-03-24,7989
1032,C0179,2026-03-02,5594
1033,C0028,2025-06-22,12181
1034,C0063,2025-03-14,11202
1035,C0124,2026-01-10,13120
1036,C0019,2026-02-02,9535
1037,C0166,2026-03-13,14340
1038,C0164,2026-04-10,485
1039,C0009,2025-11-16,7016
1040,C0120,2025-03-30,14165
1041,C0053,2025-11-30,10661
1042,C0041,2025-03-09,1187
1043,C0008,2026-05-29,8004
1044,C0110,2025-05-07,5574
1045,C0183,2025-01-16,2724
1046,C0062,2026-03-08,10085
1047,C0012,2025-02-04,978
1048,C0064,2026-05-09,9977
1049,C0149,2025-11-21,13815
1050,C0020,2025-07-20,3716
1051,C0137,2025-11-20,9450
1052,C0065,2025-01-08,7668
1053,C0087,2026-03-07,1647
1054,C0076,2026-03-14,12051
1055,C0174,2025-01-26,13307
1056,C0093,2026-02-10,14767
1057,C0021,2026-05-20,3940
1058,C0179,2025-05-12,2046
1059,C0199,2025-12-14,971
1060,C0150,2025-03-17,8970
1061,C0086,2026-05-07,393
1062,C0162,2025-12-13,11390
1063,C0105,2025-03-28,4205
1064,C0006,2025-08-02,3936
1065,C0145,2025-09-19,9121
1066,C0027,2026-04-12,3651
1067,C0106,2026-03-25,12928
1068,C0093,2026-02-28,8533
1069,C0035,2026-03-08,7092
1070,C0084,2025-02-18,1525
1071,C0113,2025-07-09,1359
1072,C0043,2026-02-08,5187
1073,C0097,2025-12-07,4028
1074,C0177,2025-11-14,5682
1075,C0054,2026-01-17,6576
1076,C0009,2025-12-10,14060
1077,C0049,2025-07-02,3312
1078,C0039,2026-02-01,6023
1079,C0011,2026-05-09,5202
1080,C0077,2025-05-07,3829
1081,C0045,2025-01-01,11631
1082,C0108,2025-01-19,11795
1083,C0072,2026-04-01,11396
1084,C0109,2025-09-25,6788
1085,C0161,2025-10-28,6446
1086,C0197,2026-06-04,13346
1087,C0174,2025-12-09,3941
1088,C0175,2025-11-20,1189
1089,C0161,2026-02-24,793
1090,C0147,2026-02-16,1135
1091,C0084,2025-04-23,4008
1092,C0076,2026-01-13,8122
1093,C0143,2025-02-10,12398
1094,C0002,2025-04-15,401
1095,C0194,2025-09-23,9301
1096,C0051,2025-04-28,7744
1097,C0039,2025-03-25,10893
1098,C0155,2026-05-29,1828
1099,C0166,2026-01-22,6231
1100,C0094,2025-10-23,6601
1101,C0081,2025-09-25,2666
1102,C0065,2025-11-07,8180
1103,C0101,2025-08-01,4869
1104,C0049,2025-05-07,4518
1105,C0153,2025-10-06,1631
1106,C0038,2025-10-04,13949
1107,C0107,2026-02-24,2858
1108,C0173,2026-01-10,2320
1109,C0181,2025-01-30,3459
1110,C0108,2026-03-27,2442
1111,C0156,2025-06-21,7190
1112,C0041,2025-03-04,2270
1113,C0104,2025-03-16,10433
1114,C0057,2025-04-28,1835
1115,C0124,2025-10-17,6783
1116,C0156,2025-01-07,3467
1117,C0165,2025-07-12,2806
1118,C0148,2025-07-21,7811
1119,C0146,2026-02-23,5746
1120,C0126,2026-01-30,13304
1121,C0113,2025-11-21,13903
1122,C0162,2026-03-16,11667
1123,C0065,2025-01-31,5944
1124,C0109,2026-03-10,7180
1125,C0158,2026-01-11,3615
1126,C0187,2025-03-16,4852
1127,C0004,2025-06-04,7797
1128,C0107,2026-03-24,9649
1129,C0051,2025-09-19,14338
1130,C0125,2025-09-02,13029
1131,C0170,2026-04-30,2369
1132,C0125,2025-06-19,8515
1133,C0101,2025-02-04,11550
1134,C0134,2025-07-20,2616
1135,C0029,2025-03-18,4354
1136,C0175,2026-05-15,2136
1137,C0109,2025-10-05,12555
1138,C0069,2025-06-14,2552
1139,C0141,2025-12-31,5116
1140,C0123,2025-12-09,1146
1141,C0131,2025-12-20,1639
1142,C0109,2026-05-12,540
1143,C0174,2026-01-18,13491
1144,C0021,2025-10-27,338
1145,C0103,2026-05-14,3656
1146,C0092,2025-10-07,6826
1147,C0141,2025-04-21,10578
1148,C0179,2026-05-24,6616
1149,C0099,2025-04-14,9629
1150,C0152,2025-06-14,9390
1151,C0085,2026-06-04,1507
1152,C0005,2025-06-13,10301
1153,C0147,2025-03-05,3362
1154,C0117,2025-09-24,10237
1155,C0173,2025-05-20,10685
1156,C0149,2026-01-30,9902
1157,C0005,2025-07-03,13531
1158,C0169,2025-05-27,4961
1159,C0048,2025-08-16,7469
1160,C0075,2026-02-21,8325
1161,C0151,2026-02-03,2146
1162,C0192,2026-05-14,4025
1163,C0179,2025-03-23,4899
1164,C0179,2025-12-31,4458
1165,C0048,2026-05-26,2063
1166,C0116,2025-12-03,13368
1167,C0096,2025-05-27,7942
1168,C0038,2025-11-19,2690
1169,C0069,2025-01-13,9334
1170,C0189,2025-10-14,8382
1171,C0114,2026-04-25,4317
1172,C0093,2025-11-16,12613
1173,C0021,2025-07-23,6537
1174,C0169,2025-10-13,4352
1175,C0047,2025-06-12,12506
1176,C0114,2025-09-21,3041
1177,C0113,2026-05-03,11790
1178,C0030,2025-03-06,3563
1179,C0025,2025-01-01,11350
1180,C0037,2025-05-21,10159
1181,C0136,2025-07-07,7495
1182,C0127,2025-09-14,3947
1183,C0035,2025-07-13,3375
1184,C0023,2025-09-22,5097
1185,C0174,2026-01-19,7627
1186,C0158,2025-12-24,1298
1187,C0099,2025-07-07,12436
1188,C0173,2025-10-17,2292
1189,C0061,2025-03-24,5442
1190,C0102,2025-03-07,5976
1191,C0119,2025-06-11,8113
1192,C0124,2025-12-24,7555
1193,C0066,2026-03-26,1697
1194,C0013,2025-07-03,10550
1195,C0159,2026-05-23,5609
1196,C0039,2026-03-27,3151
1197,C0120,2025-01-27,3901
1198,C0053,2025-11-17,5989
1199,C0181,2026-02-07,13564
1200,C0019,2025-11-09,9696
1201,C0031,2025-12-03,382
1202,C0023,2026-03-22,7441
1203,C0010,2026-04-29,5775
1204,C0054,2025-06-09,12345
1205,C0014,2025-06-27,6755
1206,C0110,2025-02-22,14943
1207,C0079,2025-01-22,13541
1208,C0191,2025-09-17,1428
1209,C0059,2026-04-16,7119
1210,C0012,2025-10-17,5145
1211,C0098,2025-03-16,7216
1212,C0049,2026-03-17,5286
1213,C0093,2025-06-03,2009
1214,C0096,2025-10-21,6552
1215,C0087,2025-03-29,9209
1216,C0008,2026-01-25,6668
1217,C0172,2025-06-06,9059
1218,C0139,2025-05-17,14434
1219,C0162,2026-03-04,5771
1220,C0100,2025-05-21,9498
1221,C0177,2025-07-17,11063
1222,C0056,2026-02-25,10840
1223,C0186,2026-04-16,6561
1224,C0157,2025-06-24,12510
1225,C0149,2025-08-23,13612
1226,C0161,2026-03-28,12918
1227,C0025,2025-10-20,11249
1228,C0145,2025-04-11,5821
1229,C0048,2025-12-21,3574
1230,C0146,2025-08-15,5555
1231,C0105,2026-03-31,4272
1232,C0013,2025-07-29,11180
1233,C0141,2025-04-10,10470
1234,C0130,2025-11-25,3437
1235,C0054,2025-04-10,11060
1236,C0087,2025-06-22,1972
1237,C0162,2025-09-20,14315
1238,C0018,2025-01-03,13539
1239,C0070,2025-05-29,739
1240,C0054,2026-03-14,5384
1241,C0100,2025-09-09,434
1242,C0013,2025-11-09,10488
1243,C0118,2025-02-23,1873
1244,C0053,2025-02-13,8182
1245,C0053,2025-04-12,2015
1246,C0002,2026-02-02,874
1247,C0153,2026-01-22,2358
1248,C0102,2025-01-17,12243
1249,C0182,2025-06-20,14944
1250,C0122,2025-07-07,10669
1251,C0065,2025-04-29,3427
1252,C0016,2026-04-10,10543
1253,C0092,2026-05-17,12156
1254,C0170,2025-06-24,2992
1255,C0162,2026-02-25,11854
1256,C0153,2025-02-02,6398
1257,C0186,2026-06-03,3003
1258,C0057,2025-01-12,14039
1259,C0043,2026-01-08,4779
1260,C0135,2025-08-16,4602
1261,C0160,2025-11-27,7119
1262,C0200,2025-02-14,11677
1263,C0059,2025-07-14,12388
1264,C0157,2025-08-14,14947
1265,C0079,2025-05-04,6814
1266,C0172,2025-08-06,8907
1267,C0090,2025-04-14,8784
1268,C0119,2026-03-10,11794
1269,C0143,2025-10-05,432
1270,C0017,2025-03-31,7859
1271,C0199,2025-12-28,11904
1272,C0026,2025-01-25,13905
1273,C0045,2025-12-05,6610
1274,C0181,2026-04-01,11823
1275,C0068,2026-02-16,2194
1276,C0065,2025-02-18,6907
1277,C0102,2025-08-04,7805
1278,C0188,2025-06-08,4981
1279,C0026,2025-01-05,7963
1280,C0052,2025-12-27,14994
1281,C0054,2026-02-26,2146
1282,C0015,2025-05-02,6620
1283,C0046,2026-03-29,7757
1284,C0038,2026-03-22,6553
1285,C0078,2025-10-29,2132
1286,C0003,2026-06-02,1316
1287,C0008,2026-03-04,692
1288,C0108,2025-06-10,8088
1289,C0075,2025-11-29,14585
1290,C0011,2026-05-07,9997
1291,C0169,2025-09-29,13067
1292,C0099,2025-09-09,2943
1293,C0064,2025-03-31,10885
1294,C0076,2025-05-19,8748
1295,C0089,2025-10-01,7386
1296,C0055,2025-06-03,13901
1297,C0004,2025-05-05,11817
1298,C0017,2025-09-02,3095
1299,C0194,2025-09-04,8911
1300,C0141,2025-12-28,8399
1301,C0096,2026-05-10,14117
1302,C0065,2026-03-03,5358
1303,C0081,2025-07-06,3867
1304,C0088,2025-04-03,8477
1305,C0044,2025-05-17,2668
1306,C0074,2026-05-27,4209
1307,C0171,2025-06-19,14275
1308,C0104,2025-11-18,3838
1309,C0200,2025-06-04,11328
1310,C0093,2026-03-27,4147
1311,C0141,2025-06-22,12497
1312,C0009,2026-03-14,8127
1313,C0155,2026-05-14,2376
1314,C0160,2025-11-23,4024
1315,C0067,2026-02-08,828
1316,C0094,2025-12-25,3874
1317,C0090,2025-01-17,4569
1318,C0173,2025-04-26,5156
1319,C0181,2025-04-01,1305
1320,C0068,2025-04-24,14280
1321,C0058,2025-06-03,14388
1322,C0148,2025-09-23,12802
1323,C0041,2025-04-15,14412
1324,C0122,2025-07-12,5720
1325,C0022,2025-12-20,1972
1326,C0169,2025-09-13,13138
1327,C0056,2025-04-09,11027
1328,C0026,2026-02-07,1332
1329,C0188,2025-07-18,7670
1330,C0071,2025-06-03,13039
1331,C0133,2026-02-09,4757
1332,C0132,2025-03-25,1622
1333,C0116,2025-04-19,4516
1334,C0136,2026-01-03,11610
1335,C0112,2026-05-09,11968
1336,C0068,2025-09-28,12458
1337,C0165,2026-01-02,11746
1338,C0040,2025-07-08,13481
1339,C0024,2025-01-04,12298
1340,C0034,2026-03-09,6814
1341,C0181,2025-09-05,6971
1342,C0023,2025-09-11,4476
1343,C0062,2026-05-24,4032
1344,C0188,2025-11-22,1580
1345,C0057,2026-01-26,14126
1346,C0166,2025-03-26,11780
1347,C0003,2026-01-19,6010
1348,C0086,2025-02-07,4282
1349,C0164,2025-06-18,10380
1350,C0141,2025-12-09,2049
1351,C0050,2025-04-22,13922
1352,C0179,2025-07-25,7552
1353,C0126,2026-05-11,3650
1354,C0047,2026-05-19,5341
1355,C0054,2025-09-29,12034
1356,C0031,2025-07-21,14567
1357,C0187,2025-06-11,12741
1358,C0009,2026-04-25,12497
1359,C0017,2026-03-12,13622
1360,C0153,2025-04-12,3000
1361,C0065,2025-07-10,10144
1362,C0051,2025-03-22,10928
1363,C0127,2025-03-29,7561
1364,C0104,2025-04-06,11886
1365,C0123,2025-07-17,3272
1366,C0151,2026-01-13,366
1367,C0126,2025-11-09,3864
1368,C0162,2026-04-22,2320
1369,C0141,2025-09-19,1563
1370,C0052,2025-09-02,1738
1371,C0081,2025-03-17,2103
1372,C0175,2025-04-19,2430
1373,C0192,2025-03-06,12312
1374,C0195,2026-04-19,12246
1375,C0100,2025-05-08,7819
1376,C0146,2026-01-04,5146
1377,C0043,2026-02-23,2735
1378,C0078,2025-09-27,4969
1379,C0189,2025-11-11,3172
1380,C0083,2025-06-17,10778
1381,C0193,2026-03-29,6626
1382,C0080,2026-01-25,1199
1383,C0013,2025-08-28,2055
1384,C0190,2026-04-28,9050
1385,C0080,2026-04-03,7456
1386,C0148,2025-04-05,651
1387,C0172,2025-05-31,9929
1388,C0120,2025-01-22,1082
1389,C0057,2026-06-03,3477
1390,C0184,2026-01-10,12938
1391,C0114,2025-06-28,13721
1392,C0072,2025-05-04,8360
1393,C0113,2025-01-12,3397
1394,C0053,2025-11-27,10316
1395,C0027,2025-05-20,1624
1396,C0134,2025-04-07,8908
1397,C0057,2025-03-10,6461
1398,C0120,2025-02-28,3304
1399,C0062,2025-02-19,4151
1400,C0019,2025-07-16,8258
1401,C0194,2026-03-28,6632
1402,C0141,2025-03-25,3965
1403,C0135,2025-08-03,9941
1404,C0147,2025-05-08,6141
1405,C0148,2025-01-29,6111
1406,C0082,2025-12-27,13056
1407,C0136,2025-08-06,5893
1408,C0157,2025-07-21,6360
1409,C0066,2026-06-02,7937
1410,C0069,2026-02-16,9733
1411,C0169,2025-03-23,11937
1412,C0169,2025-07-23,12046
1413,C0131,2025-04-08,14314
1414,C0002,2025-06-15,4317
1415,C0154,2026-03-15,11758
1416,C0157,2026-05-10,14765
1417,C0020,2025-05-28,12890
1418,C0084,2026-04-28,10806
1419,C0066,2026-02-18,3049
1420,C0150,2025-05-14,1942
1421,C0027,2025-03-14,12968
1422,C0096,2025-11-22,13232
1423,C0187,2025-04-10,5378
1424,C0002,2026-02-17,7819
1425,C0065,2025-06-03,14496
1426,C0010,2025-03-20,4957
1427,C0179,2025-09-05,2013
1428,C0100,2026-02-18,4320
1429,C0028,2026-03-25,11320
1430,C0045,2025-03-09,13518
1431,C0049,2025-05-17,7531
1432,C0083,2026-02-24,11536
1433,C0046,2025-09-19,8567
1434,C0166,2026-01-05,2018
1435,C0054,2026-02-23,1979
1436,C0085,2025-05-07,13920
1437,C0156,2026-01-02,11734
1438,C0132,2026-01-14,8464
1439,C0155,2025-09-05,1059
1440,C0017,2025-02-12,2624
1441,C0041,2025-06-19,4217
1442,C0168,2025-02-08,8760
1443,C0151,2025-04-21,13991
1444,C0180,2025-02-16,5319
1445,C0063,2026-01-01,4364
1446,C0043,2025-10-23,10642
1447,C0061,2025-11-10,1384
1448,C0075,2025-12-04,1829
1449,C0048,2026-05-18,10065
1450,C0082,2025-10-02,5483
1451,C0187,2025-11-15,12149
1452,C0131,2026-05-09,689
1453,C0073,2026-05-24,12877
1454,C0107,2025-10-22,5688
1455,C0188,2025-07-06,3017
1456,C0189,2025-12-29,14658
1457,C0188,2026-02-24,12089
1458,C0107,2025-12-01,14627
1459,C0018,2025-03-04,8029
1460,C0139,2025-07-04,13716
1461,C0004,2025-08-02,12743
1462,C0135,2025-03-29,8203
1463,C0129,2025-01-03,13461
1464,C0166,2025-05-01,7752
1465,C0102,2025-02-07,13852
1466,C0157,2025-01-21,441
1467,C0199,2025-10-30,14107
1468,C0083,2025-03-10,13640
1469,C0196,2025-05-20,11907
1470,C0027,2025-11-08,5041
1471,C0023,2025-10-04,260
1472,C0063,2025-02-21,4127
1473,C0153,2025-11-07,14325
1474,C0032,2026-01-24,9963
1475,C0110,2025-06-26,12801
1476,C0039,2025-04-07,7224
1477,C0061,2025-05-17,1229
1478,C0109,2025-02-08,861
1479,C0169,2025-09-18,286
1480,C0076,2026-04-16,8343
1481,C0195,2026-02-18,7168
1482,C0127,2026-04-02,13796
1483,C0165,2026-01-07,12982
1484,C0112,2025-02-14,5720
1485,C0104,2026-03-26,8876
1486,C0134,2025-01-18,14117
1487,C0150,2025-10-16,9112
1488,C0126,2025-08-23,14951
1489,C0170,2026-05-14,7317
1490,C0122,2025-04-25,11371
1491,C0162,2025-08-22,12003
1492,C0011,2025-07-25,2494
1493,C0047,2025-05-07,346
1494,C0118,2026-01-17,4707
1495,C0152,2025-12-29,5828
1496,C0137,2025-06-24,3560
1497,C0190,2026-04-26,218
1498,C0195,2025-11-26,14447
1499,C0175,2026-03-25,2148
1500,C0178,2025-12-20,5818
